{
  "tradeCount": 3,
  "firstTradeDate": "2026-02-28T20:44:29.000Z",
  "goldVolume": 0.0007340000000000001,
  "usdcVolume": 3.9660640000000003,
  "totalFeesLamports": 1896671,
  "realizedPnlUsdc": -0.033935999999999744,
  "unknownBasisSellQty": 0
}
