{
  "tradeCount": 1247,
  "firstTradeDate": "2026-01-30T16:32:27.000Z",
  "goldVolume": 242.29297699999935,
  "usdcVolume": 1205610.7261910005,
  "totalFeesLamports": 6235000,
  "realizedPnlUsdc": 2421.3634447446957,
  "unknownBasisSellQty": 1.2000339999999998
}
