{
  "tradeCount": 1257,
  "firstTradeDate": "2026-01-30T15:19:11.000Z",
  "goldVolume": 243.6655069999994,
  "usdcVolume": 1212612.3659010006,
  "totalFeesLamports": 6285000,
  "realizedPnlUsdc": 2420.184385303609,
  "unknownBasisSellQty": 1.2000339999999998
}
