{
  "depositCount": 167,
  "withdrawalCount": 82,
  "totalDepositsByMint": {
    "SOL_NATIVE": 3.452119191,
    "EPjFWdd5AufqSSqeM2qN1xzybapC8G4wEGGkZwyTDt1v": 151.41995100000003,
    "So11111111111111111111111111111111111111112": 0.491735508,
    "GoLDppdjB1vDTPSGxyMJFqdnj134yH6Prg9eqsGDiw6A": 5
  },
  "totalWithdrawalsByMint": {
    "GoLDppdjB1vDTPSGxyMJFqdnj134yH6Prg9eqsGDiw6A": 4.505278,
    "SOL_NATIVE": 3.328071266999999,
    "EPjFWdd5AufqSSqeM2qN1xzybapC8G4wEGGkZwyTDt1v": 222.855175,
    "So11111111111111111111111111111111111111112": 0.700051947
  },
  "netByMint": {
    "SOL_NATIVE": 0.12404792400000098,
    "EPjFWdd5AufqSSqeM2qN1xzybapC8G4wEGGkZwyTDt1v": -71.43522399999998,
    "So11111111111111111111111111111111111111112": -0.20831643899999996,
    "GoLDppdjB1vDTPSGxyMJFqdnj134yH6Prg9eqsGDiw6A": 0.49472200000000033
  }
}
