{
  "tradeCount": 151,
  "firstTradeDate": "2025-04-27T15:43:53.000Z",
  "goldVolume": 0.3242389999999997,
  "usdcVolume": 1085.1769739999997,
  "totalFeesLamports": 2743322,
  "realizedPnlUsdc": -15.734863762477051,
  "unknownBasisSellQty": 0.00179
}
