{
  "tradeCount": 232,
  "firstTradeDate": "2026-02-23T22:15:12.000Z",
  "goldVolume": 39.223638000000015,
  "usdcVolume": 205773.41461600017,
  "totalFeesLamports": 1160000,
  "realizedPnlUsdc": 526.7795018605487,
  "unknownBasisSellQty": 0.600016
}
