{
  "tradeCount": 4,
  "firstTradeDate": "2026-02-28T20:44:29.000Z",
  "goldVolume": 0.0009190000000000001,
  "usdcVolume": 4.966107,
  "totalFeesLamports": 1906213,
  "realizedPnlUsdc": -0.033935999999999744,
  "unknownBasisSellQty": 0
}
