{
  "depositCount": 20,
  "withdrawalCount": 44,
  "totalDepositsByMint": {
    "SKRbvo6Gf7GondiT3BbTfuRDPqLWei4j2Qy2NPGZhW3": 10046.962765,
    "SOL_NATIVE": 0.24390251100000002,
    "EPjFWdd5AufqSSqeM2qN1xzybapC8G4wEGGkZwyTDt1v": 34.167106000000004,
    "DezXAZ8z7PnrnRJjz3wXBoRgixCa6xjnB7YaB1pPB263": 1116430.5225199999,
    "So11111111111111111111111111111111111111112": 0.000097614
  },
  "totalWithdrawalsByMint": {
    "SOL_NATIVE": 0.41134628799999995,
    "SKRbvo6Gf7GondiT3BbTfuRDPqLWei4j2Qy2NPGZhW3": 8046.962765,
    "EPjFWdd5AufqSSqeM2qN1xzybapC8G4wEGGkZwyTDt1v": 21.580001,
    "Hj3avy8d4k1skU3aScok7VWxEQSw6Bchuu5C9oV6vNz5": 5.39617,
    "ALrhuuaRzm19KBWbq99hyveBQ3GxcE5YAt41PVYx3UrE": 497952.44449,
    "DezXAZ8z7PnrnRJjz3wXBoRgixCa6xjnB7YaB1pPB263": 1610644.37028
  },
  "netByMint": {
    "SKRbvo6Gf7GondiT3BbTfuRDPqLWei4j2Qy2NPGZhW3": 2000,
    "SOL_NATIVE": -0.16744377699999993,
    "EPjFWdd5AufqSSqeM2qN1xzybapC8G4wEGGkZwyTDt1v": 12.587105000000005,
    "DezXAZ8z7PnrnRJjz3wXBoRgixCa6xjnB7YaB1pPB263": -494213.84776000003,
    "So11111111111111111111111111111111111111112": 0.000097614,
    "Hj3avy8d4k1skU3aScok7VWxEQSw6Bchuu5C9oV6vNz5": -5.39617,
    "ALrhuuaRzm19KBWbq99hyveBQ3GxcE5YAt41PVYx3UrE": -497952.44449
  }
}
