{
  "tradeCount": 1375,
  "firstTradeDate": "2026-01-30T14:54:54.000Z",
  "goldVolume": 262.9145509999995,
  "usdcVolume": 1310721.1048540014,
  "totalFeesLamports": 6875000,
  "realizedPnlUsdc": 2505.5230458072456,
  "unknownBasisSellQty": 1.2000339999999998
}
